bits,n,trial_division_seconds,trial_division_succeeded,pollards_rho_seconds,pollards_rho_succeeded
16,43039,7.124999683583155e-06,True,1.7917001969181e-05,True
19,523339,1.8167000234825537e-05,True,1.2542001059046015e-05,True
23,8025799,7.641699994564988e-05,True,2.008400042541325e-05,True
28,234030779,0.0005438749976747204,True,5.408300057752058e-05,True
32,2482944137,0.0017138340008386876,True,3.4374999813735485e-05,True
35,33339629711,0.006217958001798252,True,8.32920013635885e-05,True
40,755671500029,0.028692625000985572,True,0.0005426249990705401,True
44,10649818493603,0.1242174580002029,True,0.00159200000052806,True
48,221901083997121,0.5493290000013076,True,0.0019906249981431756,True
